ID,Data,Cidade,Temperatura Máxima (°C),Temperatura Mínima (°C),Precipitação (mm),Umidade (%),Velocidade do vento (km/h)
1,2023-06-01,São Paulo,22.6,18.0,97.78,67,1.5
2,2023-01-18,Porto Alegre,27.1,18.3,90.36,85,13.9
3,2023-09-01,Curitiba,27.7,20.0,50.52,86,10.3
4,2023-03-14,São Paulo,39.1,15.2,66.5,41,9.4
5,2023-01-06,Rio de Janeiro,27.1,15.9,129.28,44,2.9
6,2023-02-24,Rio de Janeiro,28.2,22.3,41.4,76,14.7
7,2023-05-02,São Paulo,23.4,23.2,149.41,42,6.4
8,2023-11-18,São Paulo,37.9,18.6,69.96,69,11.6
9,2023-01-13,Curitiba,30.6,16.5,113.4,88,10.9
10,2023-10-30,Curitiba,26.9,21.2,104.15,100,2.6
11,2023-08-17,Rio de Janeiro,32.4,16.8,116.95,54,2.0
12,2023-04-01,Rio de Janeiro,23.1,10.1,17.99,75,6.6
13,2023-06-15,São Paulo,30.0,14.3,63.72,73,11.8
14,2023-07-20,Curitiba,37.8,24.8,99.83,88,4.8
15,2023-01-08,São Paulo,34.8,22.3,40.16,68,3.5
16,2023-01-13,Porto Alegre,24.9,22.0,102.23,71,6.0
17,2023-12-01,Porto Alegre,20.4,14.1,88.29,46,9.8
18,2023-12-30,Porto Alegre,20.1,13.5,127.65,68,0.6
19,2023-11-17,Rio de Janeiro,26.5,24.8,140.34,74,7.1
20,2023-04-27,Curitiba,29.2,12.7,146.6,74,5.7
21,2023-04-20,Curitiba,32.0,17.9,22.92,98,0.6
22,2023-08-08,Belo Horizonte,32.6,13.8,64.12,46,5.4
23,2023-12-05,Porto Alegre,36.5,13.2,106.08,40,14.0
24,2023-04-26,Porto Alegre,38.4,14.3,91.76,99,2.1
25,2023-04-02,Curitiba,36.8,12.5,43.11,65,1.8
26,2023-03-19,Porto Alegre,32.9,20.3,147.61,41,10.6
27,2023-09-01,Curitiba,33.0,23.1,46.99,70,0.9
28,2023-05-25,Porto Alegre,29.9,17.3,106.31,74,12.4
29,2023-04-25,Belo Horizonte,25.0,19.5,8.54,100,9.5
30,2023-09-12,São Paulo,39.9,15.9,69.49,75,7.6
31,2023-08-24,Curitiba,27.1,20.6,128.33,72,2.8
32,2023-08-20,Rio de Janeiro,29.4,13.2,141.44,63,4.4
33,2023-09-07,São Paulo,32.1,20.6,145.14,55,9.1
34,2023-05-18,Rio de Janeiro,24.1,18.3,106.97,92,7.9
35,2023-07-24,Porto Alegre,27.9,14.3,35.91,65,2.8
36,2023-03-23,Rio de Janeiro,24.5,17.1,147.8,82,3.3
37,2023-04-14,Rio de Janeiro,20.1,14.1,148.88,97,3.2
38,2023-05-09,Porto Alegre,39.4,24.2,21.65,56,15.0
39,2023-04-23,Rio de Janeiro,35.7,21.0,75.51,52,3.1
40,2023-06-12,Curitiba,38.7,12.2,6.29,66,8.9
41,2023-08-17,Porto Alegre,37.1,10.4,130.52,91,7.5
42,2023-01-03,Curitiba,24.8,15.2,125.61,58,3.0
43,2023-11-22,São Paulo,28.6,16.5,14.57,66,14.3
44,2023-02-04,Rio de Janeiro,39.5,10.2,42.55,50,12.4
45,2023-05-13,Porto Alegre,34.3,12.1,92.73,67,5.0
46,2023-11-10,São Paulo,37.9,12.7,53.53,50,1.4
47,2023-06-03,Curitiba,30.6,23.6,18.24,55,13.8
48,2023-12-07,Rio de Janeiro,29.4,13.6,110.3,94,11.8
49,2023-05-15,Curitiba,27.5,17.8,107.12,46,4.4
50,2023-11-23,Porto Alegre,20.4,14.2,92.73,47,2.8
51,2023-11-12,São Paulo,29.7,14.6,67.12,48,14.3
52,2023-08-18,Belo Horizonte,29.4,24.8,74.54,86,10.6
53,2023-12-26,Belo Horizonte,39.4,12.6,33.05,43,4.7
54,2023-08-22,Curitiba,30.4,14.2,87.7,44,6.2
55,2023-12-09,São Paulo,27.9,13.8,79.43,97,10.2
56,2023-08-29,São Paulo,33.5,13.8,123.29,67,12.2
57,2023-09-03,Belo Horizonte,39.3,18.9,47.93,58,14.2
58,2023-06-01,Belo Horizonte,26.6,21.0,25.03,75,6.2
59,2023-09-12,São Paulo,22.8,14.8,123.78,91,5.2
60,2023-10-29,Rio de Janeiro,36.3,22.0,135.45,53,3.1
61,2023-09-17,São Paulo,23.5,18.6,45.34,94,2.1
62,2023-07-09,Rio de Janeiro,38.3,19.3,79.08,89,13.9
63,2023-09-05,Porto Alegre,30.5,11.7,100.68,87,2.1
64,2023-10-27,Curitiba,31.8,11.6,34.89,54,6.3
65,2023-06-24,Curitiba,26.0,22.8,34.05,54,12.7
66,2023-05-22,São Paulo,30.8,18.7,70.01,70,13.4
67,2023-02-12,São Paulo,31.8,17.6,66.94,56,11.7
68,2023-10-16,São Paulo,34.5,13.5,31.4,81,3.4
69,2023-11-11,Belo Horizonte,31.2,17.6,125.83,66,3.1
70,2023-09-02,Belo Horizonte,20.2,13.8,133.63,65,12.9
71,2023-07-11,Rio de Janeiro,25.4,20.8,93.69,89,5.7
72,2023-05-15,Curitiba,38.2,11.1,141.04,45,13.5
73,2023-12-12,Rio de Janeiro,27.7,18.1,20.52,76,12.2
74,2023-01-19,Rio de Janeiro,25.1,22.9,137.58,62,14.7
75,2023-10-03,Rio de Janeiro,21.0,19.4,14.3,60,3.5
76,2023-11-22,Rio de Janeiro,27.0,24.1,15.87,52,2.9
77,2023-07-15,São Paulo,33.6,19.9,108.88,86,5.8
78,2023-05-23,São Paulo,31.9,15.5,121.36,78,7.1
79,2023-09-02,São Paulo,39.5,13.6,44.61,44,3.7
80,2023-07-09,Porto Alegre,34.0,13.3,138.28,44,10.7
81,2023-07-25,Curitiba,32.3,24.6,62.08,73,10.8
82,2023-07-21,Rio de Janeiro,31.2,18.9,19.72,89,13.3
83,2023-07-06,Curitiba,32.3,19.6,96.66,67,3.7
84,2023-04-20,Porto Alegre,32.9,17.2,34.89,52,6.9
85,2023-05-31,São Paulo,31.6,19.7,41.21,73,0.6
86,2023-11-15,Belo Horizonte,39.5,24.6,27.41,82,3.5
87,2023-09-27,Porto Alegre,21.3,20.7,64.73,79,11.4
88,2023-06-04,Rio de Janeiro,31.6,21.2,112.08,79,5.4
89,2023-09-14,Belo Horizonte,27.9,24.1,93.89,77,9.8
90,2023-05-23,Porto Alegre,36.1,25.0,132.92,62,14.0
91,2023-06-26,São Paulo,34.1,15.1,90.31,68,8.7
92,2023-01-16,Rio de Janeiro,24.8,11.0,133.44,94,14.3
93,2023-10-01,Belo Horizonte,21.4,18.9,10.51,71,2.8
94,2023-06-29,Rio de Janeiro,31.0,23.7,127.29,98,9.3
95,2023-12-03,São Paulo,20.5,14.2,125.14,93,5.0
96,2023-11-21,São Paulo,20.6,15.7,26.36,50,6.8
97,2023-06-27,Curitiba,28.9,13.4,101.54,92,0.5
98,2023-09-05,Porto Alegre,36.3,24.5,18.83,44,11.5
99,2023-04-24,Belo Horizonte,31.8,22.0,2.68,89,10.9
100,2023-12-09,São Paulo,33.9,13.4,50.54,51,6.8
101,2023-08-18,Belo Horizonte,36.1,18.8,76.19,81,1.5
102,2023-07-15,São Paulo,27.6,22.2,114.61,73,3.2
103,2023-03-09,Rio de Janeiro,28.9,21.9,44.43,82,12.6
104,2023-06-12,Porto Alegre,28.0,19.3,142.21,60,9.0
105,2023-03-10,Rio de Janeiro,35.9,15.4,32.6,69,3.6
106,2023-10-11,Belo Horizonte,28.2,24.5,31.54,55,2.4
107,2023-07-08,Curitiba,25.0,11.4,87.88,86,13.5
108,2023-07-25,São Paulo,23.2,16.5,64.89,52,12.2
109,2023-11-08,Porto Alegre,38.8,11.6,35.94,100,7.2
110,2023-06-25,Belo Horizonte,26.9,19.4,98.23,87,2.6
111,2023-07-29,Porto Alegre,37.8,11.8,110.94,67,13.4
112,2023-02-04,São Paulo,38.8,14.3,10.03,67,1.9
113,2023-08-14,Rio de Janeiro,32.7,12.4,88.01,99,4.8
114,2023-08-22,Porto Alegre,30.5,21.9,64.6,62,11.5
115,2023-08-26,Belo Horizonte,37.1,20.3,109.76,73,11.2
116,2023-02-20,Porto Alegre,20.9,10.7,117.06,51,9.9
117,2023-02-06,Curitiba,26.5,22.7,54.69,49,13.8
118,2023-11-02,Rio de Janeiro,29.9,12.4,135.21,93,9.0
119,2023-02-23,São Paulo,27.0,24.8,125.86,69,10.2
120,2023-11-28,Curitiba,32.6,10.0,91.63,46,10.2
121,2023-10-22,São Paulo,36.7,24.0,75.57,55,1.6
122,2023-10-03,Rio de Janeiro,26.4,23.3,87.97,53,9.5
123,2023-08-07,Curitiba,35.2,17.7,131.11,99,14.4
124,2023-01-06,Porto Alegre,36.1,18.3,88.54,59,10.0
125,2023-10-10,Porto Alegre,29.5,18.6,18.2,93,6.1
126,2023-06-26,Belo Horizonte,33.2,21.7,16.57,61,12.2
127,2023-03-08,Belo Horizonte,23.4,16.5,39.72,86,12.6
128,2023-05-25,São Paulo,21.8,20.9,69.71,77,11.5
129,2023-03-23,São Paulo,26.1,22.0,26.22,42,7.5
130,2023-09-09,Curitiba,34.2,21.1,83.77,47,10.8
131,2023-01-09,Porto Alegre,31.8,23.5,35.06,60,3.4
132,2023-07-05,Porto Alegre,33.5,15.6,4.76,74,5.0
133,2023-06-28,Curitiba,39.4,13.6,118.98,66,4.2
134,2023-02-01,Porto Alegre,30.5,16.0,40.98,98,3.3
135,2023-12-09,Porto Alegre,20.4,14.9,55.41,61,8.5
136,2023-02-03,Rio de Janeiro,29.6,16.2,128.03,47,5.0
137,2023-03-04,Belo Horizonte,28.1,22.9,8.89,99,5.9
138,2023-02-18,Rio de Janeiro,31.5,21.8,41.32,99,0.8
139,2023-06-19,São Paulo,26.5,19.9,34.75,84,6.5
140,2023-04-02,Belo Horizonte,30.4,19.0,28.52,83,11.3
141,2023-02-16,Curitiba,23.4,15.9,107.73,83,14.2
142,2023-01-04,São Paulo,37.7,21.1,0.59,45,1.5
143,2023-11-21,Rio de Janeiro,24.7,16.2,79.07,60,12.2
144,2023-08-13,Rio de Janeiro,32.0,23.6,93.99,61,4.6
145,2023-04-27,Belo Horizonte,29.3,10.2,142.68,66,7.1
146,2023-04-30,São Paulo,36.9,19.9,135.47,65,7.5
147,2023-03-11,São Paulo,35.1,23.2,23.67,90,3.5
148,2023-04-06,Curitiba,24.1,18.6,27.74,88,14.8
149,2023-06-04,Belo Horizonte,33.7,24.7,110.22,62,0.7
150,2023-11-14,Belo Horizonte,29.9,20.5,25.67,45,7.4
151,2023-03-25,Porto Alegre,31.7,15.4,56.27,76,6.2
152,2023-10-15,Rio de Janeiro,36.7,21.3,26.22,81,14.5
153,2023-04-01,São Paulo,35.3,19.0,59.73,59,6.7
154,2023-08-01,Curitiba,23.9,16.0,68.55,84,13.4
155,2023-10-14,Curitiba,26.0,22.9,113.65,59,1.3
156,2023-03-22,Rio de Janeiro,27.5,14.3,33.9,76,9.1
157,2023-05-28,Belo Horizonte,28.0,16.0,20.11,60,5.4
158,2023-10-10,São Paulo,24.1,13.1,6.84,50,8.6
159,2023-03-30,Rio de Janeiro,29.0,23.2,32.27,53,3.9
160,2023-07-11,Belo Horizonte,24.3,14.9,99.69,68,6.7
161,2023-05-24,Curitiba,25.1,18.7,10.97,97,9.8
162,2023-05-24,Belo Horizonte,39.5,11.9,119.5,43,5.5
163,2023-10-10,Belo Horizonte,25.7,22.8,31.67,59,8.8
164,2023-10-19,Rio de Janeiro,21.0,11.1,115.12,43,2.8
165,2023-07-07,Rio de Janeiro,39.8,12.5,37.34,95,13.5
166,2023-06-09,Rio de Janeiro,28.2,11.0,105.35,97,12.9
167,2023-07-18,Belo Horizonte,33.2,15.7,109.23,83,7.0
168,2023-05-24,Porto Alegre,39.3,11.2,88.89,48,14.2
169,2023-02-24,Belo Horizonte,33.8,23.4,116.96,99,12.4
170,2023-02-08,São Paulo,24.9,22.7,135.06,83,8.7
171,2023-11-13,Porto Alegre,31.4,22.7,67.02,52,9.3
172,2023-11-26,Curitiba,32.7,18.5,9.6,60,8.7
173,2023-10-06,Curitiba,27.0,18.3,40.47,46,6.1
174,2023-01-25,Curitiba,22.8,19.7,127.7,99,0.5
175,2023-03-09,São Paulo,36.4,25.0,15.0,61,6.4
176,2023-07-18,Curitiba,34.6,17.8,96.24,42,3.8
177,2023-10-28,Porto Alegre,22.4,11.4,141.82,40,11.7
178,2023-09-07,Porto Alegre,25.2,24.4,111.76,59,14.0
179,2023-12-25,Rio de Janeiro,23.7,21.6,15.11,56,3.8
180,2023-12-16,Rio de Janeiro,26.9,23.7,31.7,48,0.9
181,2023-04-14,Belo Horizonte,27.4,19.3,98.48,48,5.8
182,2023-12-30,Porto Alegre,34.9,12.7,33.55,79,10.7
183,2023-03-30,Belo Horizonte,32.8,23.9,146.5,53,8.2
184,2023-10-02,Belo Horizonte,23.6,23.2,114.31,85,6.8
185,2023-04-18,Porto Alegre,30.7,10.3,123.96,49,11.5
186,2023-11-29,Belo Horizonte,34.2,15.1,55.88,51,2.5
187,2023-06-12,Rio de Janeiro,20.4,12.1,51.55,100,3.8
188,2023-03-03,Curitiba,28.5,17.0,142.6,67,13.2
189,2023-11-06,Porto Alegre,34.4,13.5,62.91,42,10.0
190,2023-09-29,Curitiba,38.8,21.9,115.67,84,9.2
191,2023-05-25,Porto Alegre,25.2,22.8,101.07,82,13.8
192,2023-05-29,Porto Alegre,28.7,21.9,99.85,59,14.9
193,2023-07-30,Curitiba,33.1,24.0,37.49,40,12.0
194,2023-04-15,São Paulo,35.9,11.2,97.48,89,5.2
195,2023-11-19,Rio de Janeiro,35.4,12.5,4.45,83,14.4
196,2023-12-26,Curitiba,21.8,17.1,33.32,93,0.8
197,2023-04-13,São Paulo,38.9,17.6,138.37,44,7.1
198,2023-11-01,São Paulo,39.2,16.9,72.98,50,9.5
199,2023-08-08,Curitiba,24.2,18.6,66.66,75,5.3
200,2023-09-09,Belo Horizonte,31.6,11.9,136.19,52,6.2
201,2023-06-10,Rio de Janeiro,33.5,20.3,139.91,82,9.2
202,2023-07-06,Belo Horizonte,37.3,22.9,43.41,94,6.9
203,2023-02-28,Porto Alegre,36.6,24.2,129.22,55,12.2
204,2023-03-08,São Paulo,28.2,14.4,118.05,63,4.7
205,2023-04-05,Curitiba,33.3,19.1,22.68,74,1.5
206,2023-05-25,São Paulo,26.3,12.3,35.86,58,1.9
207,2023-12-27,Porto Alegre,24.5,20.8,76.09,94,14.5
208,2023-12-05,Curitiba,34.2,12.6,96.55,42,11.3
209,2023-04-26,Porto Alegre,26.2,10.3,54.56,64,2.7
210,2023-08-22,Belo Horizonte,28.9,22.8,15.9,96,8.9
211,2023-10-29,Belo Horizonte,28.4,20.7,122.3,74,8.9
212,2023-02-18,Porto Alegre,28.9,14.1,130.65,100,12.7
213,2023-06-09,Curitiba,32.6,22.7,11.29,42,0.5
214,2023-03-06,Porto Alegre,34.9,11.7,40.23,61,14.3
215,2023-12-15,Rio de Janeiro,27.4,14.7,111.91,63,8.7
216,2023-10-04,Belo Horizonte,20.4,10.7,47.2,56,12.3
217,2023-10-30,São Paulo,2.9,24.8,148.97,85,9.3
218,2023-11-11,Rio de Janeiro,24.8,22.4,92.49,93,10.2
219,2023-08-22,Porto Alegre,23.2,17.9,97.2,91,4.8
220,2023-02-25,Belo Horizonte,31.4,11.6,106.15,96,2.0
221,2023-03-22,Porto Alegre,26.3,15.4,40.65,100,2.5
222,2023-12-28,Belo Horizonte,27.4,22.5,114.02,95,2.0
223,2023-10-31,Belo Horizonte,31.6,12.1,49.77,78,5.9
224,2023-03-06,Rio de Janeiro,35.0,14.9,3.02,82,14.9
225,2023-05-25,Curitiba,39.9,24.9,134.87,97,6.9
226,2023-07-22,Belo Horizonte,27.3,24.6,30.63,56,9.6
227,2023-03-17,São Paulo,32.1,24.1,84.05,77,7.1
228,2023-03-20,Porto Alegre,37.0,13.0,91.46,83,6.4
229,2023-05-29,São Paulo,34.9,16.7,100.32,54,14.4
230,2023-02-05,Curitiba,36.9,24.3,70.29,85,5.9
231,2023-01-06,Curitiba,28.8,10.2,125.04,47,14.7
232,2023-05-27,Curitiba,33.3,17.0,73.92,82,12.0
233,2023-10-18,Rio de Janeiro,22.5,18.1,113.93,100,5.3
234,2023-10-07,Belo Horizonte,24.9,13.2,54.56,41,15.0
235,2023-12-20,Curitiba,36.9,17.2,148.23,59,7.6
236,2023-11-03,São Paulo,28.8,11.5,64.05,65,9.0
237,2023-11-10,São Paulo,30.3,14.4,46.01,75,14.4
238,2023-07-22,São Paulo,33.9,23.7,137.86,41,4.8
239,2023-04-24,Belo Horizonte,25.0,20.2,138.52,91,6.0
240,2023-06-26,São Paulo,29.9,22.8,52.85,60,8.2
241,2023-07-30,Belo Horizonte,20.6,19.9,5.23,75,5.3
242,2023-11-17,Rio de Janeiro,38.4,22.3,16.61,83,2.9
243,2023-01-14,Belo Horizonte,28.0,20.1,86.42,72,7.6
244,2023-09-07,Belo Horizonte,34.3,20.6,75.05,69,12.7
245,2023-10-23,Curitiba,35.6,21.2,139.42,61,12.8
246,2023-06-23,Rio de Janeiro,25.8,24.0,19.41,56,3.0
247,2023-03-04,Rio de Janeiro,22.5,14.1,10.21,50,14.9
248,2023-01-05,Rio de Janeiro,24.6,13.9,30.28,78,10.9
249,2023-10-16,Porto Alegre,34.4,22.7,17.38,53,10.2
250,2023-01-21,São Paulo,38.0,15.1,101.19,85,5.0
251,2023-12-02,São Paulo,38.1,18.5,59.35,75,9.1
252,2023-12-20,São Paulo,28.2,18.1,65.36,72,1.1
253,2023-03-02,Porto Alegre,38.6,22.5,92.59,41,9.3
254,2023-04-18,Curitiba,36.3,20.9,102.93,95,10.9
255,2023-05-20,Porto Alegre,23.7,13.1,34.08,51,3.0
256,2023-11-13,São Paulo,28.5,20.2,35.22,90,1.7
257,2023-05-04,Porto Alegre,39.5,19.4,147.59,76,7.4
258,2023-11-22,Curitiba,21.4,11.4,79.68,55,11.7
259,2023-10-06,São Paulo,24.5,24.9,76.56,55,3.2
260,2023-10-14,São Paulo,31.9,17.9,61.59,59,8.0
261,2023-06-04,São Paulo,25.3,17.5,72.61,61,9.9
262,2023-04-14,Rio de Janeiro,29.2,18.6,143.53,93,1.3
263,2023-12-21,Curitiba,28.0,12.6,98.91,92,11.1
264,2023-11-10,Curitiba,27.2,22.8,108.85,63,2.6
265,2023-01-19,Porto Alegre,22.4,20.9,0.31,93,8.6
266,2023-05-04,Porto Alegre,29.1,12.1,104.98,47,10.8
267,2023-11-28,São Paulo,26.4,14.5,81.93,73,2.5
268,2023-11-08,Belo Horizonte,35.7,15.5,113.73,98,3.3
269,2023-06-16,Curitiba,37.2,22.7,14.14,68,9.7
270,2023-07-25,Curitiba,35.0,12.1,129.17,84,6.3
271,2023-10-20,Rio de Janeiro,29.4,19.9,99.72,87,8.9
272,2023-11-27,São Paulo,33.3,16.5,33.24,78,0.7
273,2023-02-19,Rio de Janeiro,27.9,11.8,133.65,88,1.3
274,2023-08-18,São Paulo,37.7,12.1,51.64,100,12.5
275,2023-09-07,São Paulo,26.6,24.2,63.73,45,2.9
276,2023-01-14,Curitiba,23.4,11.0,91.99,51,6.5
277,2023-04-13,Porto Alegre,24.7,12.8,56.81,73,7.8
278,2023-07-01,Porto Alegre,27.6,19.2,134.06,89,4.4
279,2023-05-30,Porto Alegre,31.9,14.7,86.16,69,0.8
280,2023-09-30,São Paulo,27.8,14.3,24.54,40,2.5
281,2023-05-25,Belo Horizonte,34.3,11.8,30.79,72,1.8
282,2023-10-13,São Paulo,38.7,17.7,33.13,63,8.6
283,2023-03-05,Belo Horizonte,38.1,11.9,118.44,45,6.5
284,2023-07-11,Rio de Janeiro,28.6,17.0,31.94,96,14.9
285,2023-01-28,Belo Horizonte,27.2,23.1,31.58,69,3.8
286,2023-07-22,São Paulo,36.0,20.7,47.28,79,9.7
287,2023-10-21,Rio de Janeiro,29.5,12.6,113.88,55,6.2
288,2023-06-09,São Paulo,29.4,11.3,66.77,85,12.5
289,2023-02-26,Belo Horizonte,26.2,18.8,117.84,58,7.7
290,2023-04-06,Curitiba,35.1,21.0,92.89,63,1.1
291,2023-10-09,Porto Alegre,25.7,18.0,144.67,51,6.0
292,2023-10-29,São Paulo,30.6,23.5,46.12,97,10.7
293,2023-10-05,Rio de Janeiro,33.8,23.8,91.87,84,10.1
294,2023-07-14,Porto Alegre,21.1,14.0,32.64,79,14.0
295,2023-01-16,São Paulo,31.2,18.9,144.5,41,4.6
296,2023-03-28,São Paulo,28.8,11.5,101.14,89,9.3
297,2023-02-25,Belo Horizonte,27.4,24.0,41.68,88,11.3
298,2023-10-05,Curitiba,38.0,12.8,138.74,96,2.1
299,2023-04-06,Belo Horizonte,23.5,17.2,87.19,57,1.2
300,2023-05-25,Belo Horizonte,35.7,10.0,55.57,90,3.5
301,2023-08-14,Curitiba,34.8,17.7,134.37,65,7.8
302,2023-05-28,Curitiba,23.0,11.7,55.02,98,13.5
303,2023-03-01,Curitiba,35.7,13.8,105.81,73,12.3
304,2023-01-17,Rio de Janeiro,33.7,20.7,34.52,77,12.4
305,2023-12-20,Rio de Janeiro,31.6,17.9,99.42,53,1.3
306,2023-06-11,Curitiba,24.8,10.7,56.48,85,6.6
307,2023-04-03,São Paulo,23.8,14.6,42.27,98,13.5
308,2023-01-23,Belo Horizonte,37.7,15.8,68.64,56,8.7
309,2023-04-08,Porto Alegre,32.3,20.3,8.43,77,3.4
310,2023-01-22,Belo Horizonte,22.3,21.1,139.39,67,11.3
311,2023-04-16,Porto Alegre,28.3,21.9,101.26,62,14.1
312,2023-10-31,Porto Alegre,36.8,12.3,20.05,42,4.5
313,2023-08-22,Porto Alegre,31.9,11.7,85.1,88,1.6
314,2023-09-06,Belo Horizonte,28.3,24.0,129.61,53,14.3
315,2023-08-05,Belo Horizonte,25.9,19.2,52.69,57,4.8
316,2023-01-14,Rio de Janeiro,26.9,22.4,42.41,59,12.8
317,2023-07-09,Belo Horizonte,35.8,24.8,0.56,60,9.9
318,2023-11-27,São Paulo,28.1,10.2,29.9,42,11.2
319,2023-09-24,Belo Horizonte,23.7,11.2,49.6,51,6.2
320,2023-08-26,Porto Alegre,24.7,16.2,70.62,51,2.7
321,2023-12-16,Porto Alegre,28.8,12.7,75.05,93,10.4
322,2023-01-31,São Paulo,29.1,24.2,15.95,86,1.2
323,2023-10-09,São Paulo,38.8,12.9,64.52,65,4.4
324,2023-01-10,Curitiba,27.2,19.7,103.7,95,12.9
325,2023-12-27,Belo Horizonte,35.7,22.3,8.1,88,10.2
326,2023-01-11,Porto Alegre,37.3,19.6,77.26,72,5.4
327,2023-03-26,São Paulo,22.3,12.3,59.38,56,6.1
328,2023-11-20,Rio de Janeiro,31.4,19.3,139.05,95,11.5
329,2023-08-12,Porto Alegre,33.0,19.0,25.47,60,10.4
330,2023-07-29,Belo Horizonte,28.4,19.6,66.75,43,13.0
331,2023-02-19,Rio de Janeiro,28.1,20.5,32.79,100,4.9
332,2023-09-02,São Paulo,27.4,19.6,30.79,54,12.4
333,2023-03-01,Belo Horizonte,33.5,22.1,21.41,91,14.1
334,2023-06-27,Rio de Janeiro,34.8,10.2,62.5,47,6.0
335,2023-03-27,Curitiba,24.4,13.2,51.36,53,4.0
336,2023-11-21,Rio de Janeiro,29.5,10.2,47.72,63,11.2
337,2023-05-29,Rio de Janeiro,22.3,14.6,96.41,45,14.5
338,2023-08-25,Porto Alegre,36.1,13.0,114.88,96,10.8
339,2023-05-26,Rio de Janeiro,32.3,22.2,105.43,96,12.2
340,2023-08-22,São Paulo,27.5,18.9,109.24,58,5.9
341,2023-01-14,Belo Horizonte,36.0,13.0,69.87,93,11.2
342,2023-06-13,Belo Horizonte,29.2,11.5,17.71,48,14.9
343,2023-07-29,Rio de Janeiro,33.2,18.7,11.6,65,5.1
344,2023-01-14,Porto Alegre,33.6,15.8,84.75,67,6.6
345,2023-04-26,Rio de Janeiro,30.8,11.8,56.17,81,2.8
346,2023-10-16,Rio de Janeiro,29.2,12.5,133.13,45,0.8
347,2023-02-11,Belo Horizonte,23.1,13.9,149.62,67,11.9
348,2023-05-18,Belo Horizonte,32.7,22.4,73.91,55,5.1
349,2023-04-12,Porto Alegre,20.6,14.8,51.36,68,3.9
350,2023-09-07,Porto Alegre,34.4,13.8,83.69,77,5.9
351,2023-05-13,Curitiba,28.6,15.3,10.73,85,12.8
352,2023-04-05,São Paulo,31.2,20.5,106.64,91,11.1
353,2023-04-03,Curitiba,22.1,21.9,3.63,94,12.0
354,2023-08-14,Curitiba,29.2,25.0,70.12,66,10.5
355,2023-04-15,Belo Horizonte,28.7,11.5,102.09,86,13.0
356,2023-04-20,São Paulo,39.5,16.5,126.51,74,1.9
357,2023-08-18,Belo Horizonte,32.2,17.0,60.05,51,8.1
358,2023-01-21,Belo Horizonte,36.9,22.3,138.1,56,8.6
359,2023-08-14,Rio de Janeiro,29.8,12.6,40.22,52,12.9
360,2023-03-31,Rio de Janeiro,33.0,14.4,110.82,53,10.6
361,2023-02-12,Porto Alegre,25.0,24.8,45.95,55,4.3
362,2023-06-17,Curitiba,33.5,21.3,46.74,60,4.4
363,2023-04-22,Curitiba,34.5,14.3,133.8,94,3.8
364,2023-05-11,Rio de Janeiro,26.0,11.0,111.18,57,1.0
365,2023-01-26,Curitiba,21.8,18.1,1.89,77,13.9
366,2023-10-11,São Paulo,35.7,15.2,80.76,48,2.2
367,2023-10-26,Belo Horizonte,32.7,11.2,40.47,41,4.0
368,2023-03-15,Curitiba,33.0,10.6,67.06,71,7.4
369,2023-09-04,Curitiba,31.9,15.7,29.63,93,7.9
370,2023-01-10,Porto Alegre,33.2,22.3,36.62,70,4.9
371,2023-09-23,Curitiba,33.5,20.8,86.36,52,1.1
372,2023-09-17,Porto Alegre,25.6,17.5,149.42,71,5.2
373,2023-08-13,Porto Alegre,32.0,22.9,98.06,47,7.8
374,2023-08-22,Rio de Janeiro,29.1,14.5,86.41,91,6.7
375,2023-07-03,Porto Alegre,25.6,24.8,83.91,48,8.8
376,2023-07-17,Porto Alegre,36.4,17.5,65.06,90,10.5
377,2023-01-13,Rio de Janeiro,25.6,24.5,94.19,55,2.0
378,2023-02-01,Rio de Janeiro,28.8,21.6,72.67,75,10.5
379,2023-10-26,Curitiba,37.5,12.0,142.68,75,12.0
380,2023-01-06,Rio de Janeiro,32.3,20.7,55.24,86,11.9
381,2023-09-18,Curitiba,21.4,17.0,70.46,87,7.3
382,2023-08-03,Porto Alegre,31.9,18.4,30.44,96,5.3
383,2023-05-12,Curitiba,32.2,14.5,136.66,85,0.9
384,2023-04-29,Rio de Janeiro,27.1,23.6,37.16,82,9.9
385,2023-08-16,Belo Horizonte,32.0,10.4,59.22,86,10.7
386,2023-06-29,São Paulo,33.9,18.4,116.3,81,8.1
387,2023-09-10,Rio de Janeiro,27.2,14.6,48.45,86,13.9
388,2023-04-17,Curitiba,32.1,23.5,109.54,97,12.6
389,2023-09-09,Rio de Janeiro,24.2,17.6,44.05,69,6.3
390,2023-05-07,Porto Alegre,20.6,12.4,81.76,74,10.6
391,2023-08-11,São Paulo,33.1,13.4,81.85,69,1.4
392,2023-05-09,São Paulo,27.6,23.4,74.27,57,6.4
393,2023-07-08,São Paulo,23.5,20.1,72.41,65,11.2
394,2023-05-09,São Paulo,37.4,17.2,113.61,87,0.9
395,2023-06-25,Belo Horizonte,22.7,18.2,68.46,60,14.8
396,2023-10-09,Curitiba,28.2,16.3,82.38,54,5.0
397,2023-05-31,Rio de Janeiro,38.0,22.0,46.73,95,7.6
398,2023-09-29,Belo Horizonte,26.2,22.2,131.04,87,0.6
399,2023-04-29,São Paulo,27.2,24.0,9.59,48,10.7
400,2023-04-29,São Paulo,35.5,23.6,28.7,41,5.0
401,2023-10-19,São Paulo,37.9,12.0,134.05,81,14.5
402,2023-06-21,Porto Alegre,28.4,11.9,104.17,51,13.1
403,2023-12-17,Rio de Janeiro,22.5,17.3,130.32,73,2.0
404,2023-05-30,Belo Horizonte,31.3,10.8,128.78,73,5.7
405,2023-05-12,Belo Horizonte,32.8,16.4,121.91,43,7.6
406,2023-04-10,Curitiba,37.2,21.3,57.38,51,2.7
407,2023-03-22,Porto Alegre,34.1,18.9,87.49,77,9.4
408,2023-01-25,Belo Horizonte,23.4,23.0,75.4,79,15.0
409,2023-09-27,Rio de Janeiro,22.1,12.9,49.64,66,1.1
410,2023-09-22,São Paulo,38.9,14.2,93.8,64,1.6
411,2023-07-13,São Paulo,22.7,21.2,137.35,57,8.6
412,2023-05-20,Curitiba,32.1,14.0,28.25,65,7.3
413,2023-07-10,Curitiba,32.8,24.8,109.96,63,13.6
414,2023-07-22,Curitiba,34.5,17.0,118.57,66,6.5
415,2023-04-05,Rio de Janeiro,39.5,19.6,21.68,40,1.6
416,2023-05-13,Rio de Janeiro,25.1,15.8,121.94,87,5.0
417,2023-07-11,Curitiba,22.8,10.3,115.25,95,8.7
418,2023-09-03,Curitiba,37.7,23.6,89.93,66,5.8
419,2023-05-29,Porto Alegre,32.8,19.9,6.24,58,5.0
420,2023-03-23,Curitiba,37.4,10.3,23.69,79,2.9
421,2023-08-26,São Paulo,36.5,21.4,41.65,48,6.4
422,2023-07-08,Rio de Janeiro,37.7,12.8,95.58,64,12.9
423,2023-03-02,Porto Alegre,24.4,16.6,68.2,50,7.9
424,2023-03-17,Porto Alegre,39.8,21.7,113.68,56,14.0
425,2023-09-09,Rio de Janeiro,39.9,12.5,13.9,68,5.8
426,2023-04-07,Porto Alegre,35.1,24.2,0.96,80,12.5
427,2023-12-19,São Paulo,35.6,14.2,147.7,96,8.5
428,2023-12-04,Belo Horizonte,29.1,16.2,132.21,75,5.0
429,2023-02-23,Rio de Janeiro,25.6,24.8,112.81,98,3.9
430,2023-03-11,São Paulo,39.6,18.1,43.55,65,4.8
431,2023-10-12,São Paulo,30.7,14.4,12.09,98,5.0
432,2023-09-30,São Paulo,21.8,17.6,94.65,92,0.8
433,2023-12-01,Rio de Janeiro,30.6,10.7,75.26,57,14.3
434,2023-05-10,Curitiba,24.1,20.1,119.18,98,1.7
435,2023-12-11,Curitiba,39.9,18.7,148.41,53,3.4
436,2023-05-27,São Paulo,29.4,24.9,104.3,56,14.6
437,2023-07-13,Porto Alegre,25.4,21.7,47.12,48,14.7
438,2023-03-01,São Paulo,24.6,19.6,138.8,77,4.1
439,2023-01-08,Belo Horizonte,29.9,10.4,63.55,52,9.2
440,2023-02-10,Porto Alegre,36.4,18.9,118.26,76,12.1
441,2023-12-29,São Paulo,32.5,18.0,32.23,66,10.1
442,2023-06-08,Curitiba,25.1,14.8,116.69,59,5.4
443,2023-05-30,Belo Horizonte,33.6,18.0,118.77,76,0.5
444,2023-11-02,Curitiba,28.4,20.7,124.87,92,2.5
445,2023-01-24,Rio de Janeiro,27.1,11.6,117.99,68,14.8
446,2023-05-18,Curitiba,33.4,10.6,26.28,53,2.1
447,2023-04-08,Porto Alegre,23.1,10.2,66.73,82,9.8
448,2023-03-07,São Paulo,34.5,14.1,28.98,42,12.6
449,2023-04-19,Belo Horizonte,27.5,19.0,2.78,61,7.9
450,2023-07-29,Rio de Janeiro,37.4,11.2,107.19,44,4.9
451,2023-03-05,Curitiba,35.9,21.8,69.24,87,9.0
452,2023-01-23,Rio de Janeiro,25.4,24.4,17.47,95,1.1
453,2023-09-04,São Paulo,27.0,22.4,32.32,41,9.2
454,2023-09-10,São Paulo,31.9,21.4,11.62,63,1.7
455,2023-09-04,Belo Horizonte,20.4,12.9,86.72,43,2.0
456,2023-09-24,Curitiba,35.0,16.8,121.75,95,14.0
457,2023-04-04,Porto Alegre,38.2,17.3,54.69,42,2.4
458,2023-09-22,Curitiba,26.7,23.5,91.1,82,14.8
459,2023-01-19,São Paulo,36.8,12.8,34.64,75,9.4
460,2023-01-10,Belo Horizonte,34.7,23.0,144.56,78,5.3
461,2023-12-06,Porto Alegre,27.9,18.8,28.2,54,4.0
462,2023-01-23,São Paulo,34.7,18.2,121.69,49,3.5
463,2023-08-07,Porto Alegre,27.1,21.9,22.61,97,13.4
464,2023-01-31,Curitiba,26.0,15.6,126.94,97,14.0
465,2023-11-29,Porto Alegre,27.7,23.4,68.76,48,2.8
466,2023-08-13,Rio de Janeiro,21.1,14.5,114.47,80,7.5
467,2023-12-25,Porto Alegre,32.4,12.1,117.87,76,9.6
468,2023-12-16,Curitiba,22.4,18.9,66.94,72,4.0
469,2023-01-25,Belo Horizonte,27.5,21.3,75.43,64,3.9
470,2023-01-29,Porto Alegre,30.9,17.5,27.57,80,10.4
471,2023-04-26,Rio de Janeiro,21.5,18.6,37.01,72,5.9
472,2023-02-15,Curitiba,36.8,18.0,138.55,91,5.8
473,2023-04-03,Curitiba,35.2,24.7,37.53,66,1.1
474,2023-04-23,Rio de Janeiro,30.1,22.0,50.58,77,7.4
475,2023-06-17,Belo Horizonte,39.4,16.5,17.22,51,6.5
476,2023-09-24,Porto Alegre,24.3,18.7,110.29,40,4.7
477,2023-05-05,Curitiba,30.4,11.6,72.13,72,3.0
478,2023-03-15,Rio de Janeiro,32.8,21.9,118.05,65,7.3
479,2023-09-09,Porto Alegre,20.2,19.7,41.13,74,9.2
480,2023-12-11,Belo Horizonte,32.7,20.6,88.39,75,9.6
481,2023-05-17,São Paulo,26.8,22.5,82.99,85,12.1
482,2023-05-04,Porto Alegre,25.0,24.1,119.87,40,13.5
483,2023-09-22,Curitiba,36.7,14.8,41.58,64,10.7
484,2023-06-03,Rio de Janeiro,25.3,19.0,126.65,57,4.3
485,2023-12-11,São Paulo,25.1,16.0,0.2,98,6.7
486,2023-08-02,São Paulo,27.1,21.0,127.77,83,2.6
487,2023-01-17,Porto Alegre,34.6,15.2,75.5,91,0.8
488,2023-01-07,Curitiba,26.7,20.8,92.15,78,2.8
489,2023-04-12,Belo Horizonte,22.9,16.5,25.59,88,5.4
490,2023-03-26,Porto Alegre,34.6,16.6,2.38,81,4.5
491,2023-09-08,Curitiba,32.7,24.9,44.68,72,10.1
492,2023-01-10,Curitiba,39.9,15.6,23.46,65,4.4
493,2023-07-24,Curitiba,22.5,13.8,82.15,94,1.4
494,2023-07-05,São Paulo,23.5,17.6,142.67,100,13.3
495,2023-09-03,Porto Alegre,33.8,16.8,94.01,41,3.4
496,2023-11-09,Curitiba,29.3,23.6,82.25,79,14.1
497,2023-01-06,Rio de Janeiro,28.2,21.9,99.02,57,14.3
498,2023-09-14,Rio de Janeiro,34.7,19.5,34.21,95,10.6
499,2023-01-17,Rio de Janeiro,34.9,22.6,139.72,71,11.4
500,2023-11-11,Belo Horizonte,30.0,14.9,120.75,45,9.9
501,2023-03-09,São Paulo,36.3,18.0,138.77,64,8.5
502,2023-01-06,Curitiba,25.3,22.5,71.78,82,13.1
503,2023-06-23,Curitiba,37.2,12.0,95.26,72,7.8
504,2023-09-04,Porto Alegre,38.5,14.5,23.95,65,12.9
505,2023-04-06,Curitiba,23.2,22.8,109.33,99,9.6
506,2023-04-18,Rio de Janeiro,30.6,21.9,95.59,81,10.0
507,2023-08-31,Belo Horizonte,31.1,23.3,128.66,43,4.7
508,2023-12-14,São Paulo,25.1,20.9,144.97,46,10.3
509,2023-06-14,São Paulo,35.1,11.1,142.07,95,6.3
510,2023-05-21,Curitiba,25.3,16.9,96.24,60,12.4
511,2023-08-06,São Paulo,31.7,17.5,74.47,99,3.9
512,2023-02-11,Porto Alegre,26.2,23.7,101.34,67,13.0
513,2023-12-08,Porto Alegre,31.1,13.3,98.19,72,2.2
514,2023-05-21,Porto Alegre,38.9,10.4,82.25,85,13.5
515,2023-11-03,Rio de Janeiro,23.9,16.8,100.35,45,7.8
516,2023-11-02,Curitiba,23.1,14.6,146.49,49,14.7
517,2023-10-22,Belo Horizonte,26.8,13.6,126.91,57,6.6
518,2023-02-05,Curitiba,28.9,23.9,142.34,52,1.3
519,2023-03-29,São Paulo,36.8,24.0,75.82,86,7.7
520,2023-10-22,Porto Alegre,30.5,20.2,139.26,54,12.5
521,2023-03-30,Belo Horizonte,38.7,16.7,101.07,63,10.8
522,2023-11-29,Porto Alegre,31.0,18.3,52.3,77,12.0
523,2023-03-10,Curitiba,30.9,12.0,129.14,50,11.9
524,2023-02-13,Belo Horizonte,34.2,11.0,25.23,91,4.9
525,2023-05-11,Belo Horizonte,35.5,14.4,113.67,48,10.0
526,2023-10-20,Rio de Janeiro,26.8,17.1,27.32,47,12.1
527,2023-06-11,São Paulo,38.5,22.9,132.47,78,8.3
528,2023-06-03,Curitiba,35.5,14.8,60.53,77,14.8
529,2023-03-16,Porto Alegre,34.3,16.0,65.17,58,4.3
530,2023-06-28,Curitiba,32.8,22.1,19.32,91,9.1
531,2023-06-05,Porto Alegre,22.8,12.1,56.9,63,12.2
532,2023-11-07,Porto Alegre,34.9,14.6,103.47,84,1.2
533,2023-02-10,Rio de Janeiro,31.7,12.6,37.5,53,6.0
534,2023-04-15,Rio de Janeiro,37.8,14.1,120.97,90,13.6
535,2023-08-06,Rio de Janeiro,24.7,19.4,72.39,83,3.5
536,2023-10-12,São Paulo,36.3,11.3,46.45,76,0.8
537,2023-09-12,Curitiba,22.1,10.7,1.39,57,4.9
538,2023-03-19,Rio de Janeiro,36.1,23.5,125.65,63,8.9
539,2023-06-15,Curitiba,33.2,15.8,8.43,56,3.6
540,2023-03-18,São Paulo,20.9,13.7,0.6,88,13.5
541,2023-11-15,Rio de Janeiro,24.5,13.6,21.51,67,10.4
542,2023-04-09,Porto Alegre,23.0,20.1,52.61,66,8.5
543,2023-10-24,Rio de Janeiro,21.5,10.1,112.43,60,1.1
544,2023-07-01,Belo Horizonte,37.5,18.3,107.46,94,10.9
545,2023-02-14,São Paulo,39.3,18.7,96.85,58,3.5
546,2023-07-05,Curitiba,20.6,16.3,130.99,77,11.5
547,2023-09-12,Rio de Janeiro,32.0,18.3,134.96,72,0.7
548,2023-10-06,Belo Horizonte,27.0,25.0,136.48,59,5.4
549,2023-11-17,Porto Alegre,21.8,10.9,103.63,62,3.2
550,2023-09-16,Rio de Janeiro,28.2,10.8,135.21,52,14.2
551,2023-11-16,Rio de Janeiro,29.6,14.4,72.59,85,10.0
552,2023-11-18,São Paulo,24.3,10.4,106.27,67,10.6
553,2023-11-18,Porto Alegre,39.4,22.0,5.86,59,3.6
554,2023-01-24,Belo Horizonte,28.8,13.3,0.6,40,7.6
555,2023-11-23,Belo Horizonte,21.5,16.2,102.35,99,7.4
556,2023-07-20,Belo Horizonte,25.7,10.6,75.26,44,7.9
557,2023-11-26,Porto Alegre,22.5,17.7,12.8,88,9.0
558,2023-06-02,Porto Alegre,24.1,18.9,14.05,97,9.0
559,2023-02-09,Porto Alegre,27.8,11.1,101.18,80,9.6
560,2023-01-14,Porto Alegre,39.6,16.4,86.79,89,12.3
561,2023-03-10,Curitiba,25.7,11.0,22.18,54,4.1
562,2023-09-26,Belo Horizonte,32.1,24.9,148.93,97,0.6
563,2023-09-24,Curitiba,21.1,11.9,60.28,89,2.7
564,2023-07-03,Curitiba,26.0,23.1,29.04,77,3.8
565,2023-11-14,São Paulo,39.1,24.5,42.29,99,0.8
566,2023-10-16,Belo Horizonte,32.7,19.1,25.97,68,10.5
567,2023-05-07,Belo Horizonte,20.9,16.6,75.13,85,5.2
568,2023-04-26,São Paulo,28.7,18.6,60.17,46,1.9
569,2023-04-08,Rio de Janeiro,28.3,14.7,40.03,70,11.9
570,2023-05-29,Curitiba,25.4,23.4,114.31,97,5.0
571,2023-01-17,Porto Alegre,39.7,23.8,66.46,42,5.1
572,2023-07-21,Belo Horizonte,25.1,10.0,133.95,42,8.2
573,2023-04-29,São Paulo,32.0,23.8,21.96,49,10.1
574,2023-12-21,Rio de Janeiro,35.6,21.0,121.96,55,6.9
575,2023-06-05,Porto Alegre,40.0,20.0,134.4,78,11.6
576,2023-06-30,São Paulo,34.5,22.5,9.84,40,5.3
577,2023-08-31,Porto Alegre,25.5,24.0,54.69,52,4.9
578,2023-06-29,Curitiba,29.4,24.8,26.07,97,3.8
579,2023-10-09,São Paulo,22.0,19.6,147.91,50,2.0
580,2023-12-13,Belo Horizonte,30.8,16.3,66.98,83,10.2
581,2023-09-09,Belo Horizonte,37.4,21.4,114.28,71,6.2
582,2023-03-26,Porto Alegre,37.4,17.2,100.97,96,8.1
583,2023-09-30,Belo Horizonte,27.4,11.6,19.71,62,1.0
584,2023-12-08,Curitiba,28.7,14.1,101.77,63,11.7
585,2023-04-25,Curitiba,39.5,10.6,137.01,55,14.1
586,2023-01-08,Belo Horizonte,28.7,16.1,48.72,77,14.8
587,2023-08-17,Porto Alegre,30.5,25.0,82.22,83,14.1
588,2023-03-18,Belo Horizonte,39.4,19.4,74.86,93,3.6
589,2023-08-23,Curitiba,25.7,14.6,91.16,98,3.6
590,2023-09-11,Curitiba,35.7,23.6,123.27,91,6.6
591,2023-04-23,Rio de Janeiro,34.4,14.7,65.38,51,12.9
592,2023-11-07,Curitiba,37.7,15.8,6.3,89,3.8
593,2023-09-04,Porto Alegre,31.5,16.7,129.48,87,1.8
594,2023-03-05,São Paulo,21.1,18.9,104.7,93,10.0
595,2023-12-12,Rio de Janeiro,38.9,21.7,65.77,92,7.7
596,2023-11-02,Porto Alegre,30.6,18.9,0.24,74,1.2
597,2023-05-18,Rio de Janeiro,38.0,19.7,97.71,61,8.9
598,2023-06-25,Porto Alegre,32.6,11.7,142.21,87,10.7
599,2023-12-03,Curitiba,39.0,20.2,142.41,46,5.3
600,2023-08-28,São Paulo,24.2,22.4,5.53,55,14.2
601,2023-04-09,Curitiba,31.8,10.7,74.39,87,1.6
602,2023-03-13,Rio de Janeiro,28.2,16.5,20.34,61,5.4
603,2023-03-21,Belo Horizonte,21.7,20.7,120.71,68,11.1
604,2023-04-28,Curitiba,27.2,11.6,121.31,53,13.2
605,2023-01-16,Porto Alegre,34.7,22.5,102.22,68,3.6
606,2023-06-24,Curitiba,34.7,14.5,89.74,91,8.2
607,2023-05-03,Curitiba,26.7,10.8,102.4,86,4.7
608,2023-02-26,Porto Alegre,35.6,19.4,80.54,88,9.4
609,2023-05-14,São Paulo,22.6,14.0,6.16,43,7.6
610,2023-09-03,Belo Horizonte,22.0,17.3,149.57,71,12.2
611,2023-09-01,Belo Horizonte,25.8,10.2,137.16,92,4.1
612,2023-10-17,Belo Horizonte,25.4,17.7,71.32,76,6.5
613,2023-12-20,Porto Alegre,35.6,14.1,94.56,93,1.3
614,2023-07-12,Rio de Janeiro,39.5,23.5,146.76,62,1.3
615,2023-12-29,Belo Horizonte,32.2,21.5,122.87,78,14.6
616,2023-01-22,São Paulo,34.3,13.3,118.02,85,12.2
617,2023-05-19,Rio de Janeiro,28.1,19.1,45.59,92,0.6
618,2023-04-10,Rio de Janeiro,36.0,23.4,23.66,48,4.3
619,2023-11-15,Curitiba,23.3,14.5,86.69,89,9.7
620,2023-09-05,Rio de Janeiro,38.8,23.4,25.49,40,3.2
621,2023-08-05,Curitiba,35.5,23.6,133.32,87,8.6
622,2023-03-24,Porto Alegre,35.5,15.6,70.6,41,5.7
623,2023-03-07,Porto Alegre,23.8,18.6,74.83,84,5.1
624,2023-08-19,Porto Alegre,28.5,21.6,56.78,54,7.0
625,2023-10-13,Curitiba,21.6,13.4,75.43,41,13.0
626,2023-03-17,Curitiba,33.6,18.2,52.82,77,3.3
627,2023-09-17,Curitiba,23.5,14.0,147.56,63,8.5
628,2023-07-13,Belo Horizonte,25.4,10.6,95.09,82,13.5
629,2023-11-10,Rio de Janeiro,26.1,11.9,57.67,99,6.5
630,2023-04-20,Rio de Janeiro,24.3,15.5,135.74,57,1.5
631,2023-08-10,Rio de Janeiro,21.4,10.3,53.68,43,13.2
632,2023-02-23,Belo Horizonte,34.0,13.2,36.72,93,14.4
633,2023-12-24,Belo Horizonte,24.3,10.9,114.59,67,6.4
634,2023-05-27,Rio de Janeiro,27.9,22.0,33.38,86,13.0
635,2023-11-23,Belo Horizonte,35.0,11.5,36.4,53,13.7
636,2023-07-16,Porto Alegre,37.4,14.7,3.7,80,12.5
637,2023-05-17,Belo Horizonte,29.1,15.9,124.33,43,2.2
638,2023-12-20,Curitiba,35.2,11.6,26.45,89,12.0
639,2023-05-03,São Paulo,31.1,11.0,102.76,99,8.9
640,2023-08-16,Rio de Janeiro,21.6,16.8,115.77,71,10.0
641,2023-12-04,Belo Horizonte,39.0,12.7,16.03,90,1.6
642,2023-12-11,Belo Horizonte,23.0,12.6,90.26,100,12.3
643,2023-10-12,Belo Horizonte,32.2,24.9,115.96,89,13.5
644,2023-12-03,Porto Alegre,34.2,14.3,130.07,83,8.4
645,2023-08-20,Porto Alegre,33.3,18.7,58.15,54,10.5
646,2023-05-07,São Paulo,39.0,17.6,54.41,97,1.1
647,2023-09-21,Curitiba,24.9,22.5,6.09,89,1.8
648,2023-12-12,São Paulo,37.9,23.1,57.62,42,10.9
649,2023-02-06,Porto Alegre,20.9,12.9,19.37,84,7.9
650,2023-03-26,Curitiba,29.5,24.2,22.37,70,8.4
651,2023-09-23,Porto Alegre,24.5,23.1,129.05,85,11.8
652,2023-09-21,Rio de Janeiro,20.4,19.5,59.89,84,13.9
653,2023-01-20,Porto Alegre,36.3,21.0,74.52,43,13.5
654,2023-08-10,São Paulo,27.8,17.8,37.21,76,13.5
655,2023-05-27,São Paulo,26.9,11.6,90.48,52,2.0
656,2023-10-04,São Paulo,27.8,17.7,5.65,71,2.7
657,2023-08-04,Curitiba,33.3,19.2,48.09,65,3.8
658,2023-11-04,Porto Alegre,37.7,13.9,31.34,46,12.0
659,2023-02-17,Rio de Janeiro,31.7,20.2,10.68,77,5.7
660,2023-03-14,Curitiba,22.0,20.0,88.85,52,7.7
661,2023-07-21,São Paulo,33.9,11.2,13.27,66,13.2
662,2023-05-28,Rio de Janeiro,22.6,14.0,137.58,43,1.3
663,2023-07-24,São Paulo,32.1,10.9,56.4,84,7.8
664,2023-08-13,Belo Horizonte,25.9,23.9,26.06,62,9.8
665,2023-05-15,Rio de Janeiro,39.7,18.8,76.52,93,2.0
666,2023-09-02,São Paulo,33.4,20.0,99.01,86,2.4
667,2023-09-23,Curitiba,33.3,16.0,144.52,48,10.1
668,2023-02-05,Belo Horizonte,25.3,23.5,88.21,73,6.8
669,2023-06-18,São Paulo,37.8,22.0,114.64,40,5.7
670,2023-02-27,Belo Horizonte,39.7,14.3,76.72,71,1.2
671,2023-04-05,Curitiba,31.8,22.3,95.75,83,10.9
672,2023-12-11,Belo Horizonte,25.3,10.4,96.42,90,8.0
673,2023-10-03,Rio de Janeiro,37.3,18.7,139.72,51,4.3
674,2023-10-22,Belo Horizonte,26.0,12.0,22.4,98,14.6
675,2023-01-16,Belo Horizonte,35.2,19.1,127.43,55,13.2
676,2023-08-23,Rio de Janeiro,29.4,13.2,97.73,96,5.2
677,2023-11-21,Rio de Janeiro,38.9,15.0,11.6,51,10.1
678,2023-08-12,Curitiba,22.9,22.7,103.29,92,8.9
679,2023-09-24,Rio de Janeiro,23.4,15.2,148.55,47,11.4
680,2023-08-18,Belo Horizonte,29.0,24.2,31.88,86,6.4
681,2023-04-07,Porto Alegre,26.2,23.8,40.31,79,8.2
682,2023-04-06,São Paulo,31.5,17.5,68.56,94,9.3
683,2023-09-25,Curitiba,27.2,24.2,60.82,96,2.1
684,2023-01-20,Curitiba,36.7,24.7,65.23,94,2.3
685,2023-11-11,Belo Horizonte,25.3,11.2,86.43,81,14.2
686,2023-08-12,Curitiba,21.8,20.2,24.18,76,5.2
687,2023-09-27,Porto Alegre,24.0,21.7,33.14,59,2.9
688,2023-04-13,Rio de Janeiro,39.6,14.8,34.5,97,8.8
689,2023-03-30,Porto Alegre,36.1,11.4,149.45,45,9.3
690,2023-09-07,Belo Horizonte,27.2,22.9,98.95,45,2.6
691,2023-05-12,Rio de Janeiro,21.8,19.2,36.61,84,9.6
692,2023-04-05,Porto Alegre,36.4,11.5,97.6,58,13.2
693,2023-08-08,Porto Alegre,33.9,14.1,115.44,97,3.4
694,2023-03-11,Curitiba,35.4,17.7,42.16,100,1.5
695,2023-05-08,Porto Alegre,36.7,13.1,103.65,43,6.1
696,2023-09-23,Curitiba,38.6,17.2,20.9,85,4.8
697,2023-03-08,Porto Alegre,24.4,23.0,142.31,55,11.5
698,2023-10-04,Curitiba,33.4,17.3,32.12,85,10.7
699,2023-02-20,Porto Alegre,32.0,23.2,146.62,83,13.1
700,2023-08-11,Curitiba,29.4,23.1,55.18,46,3.7
701,2023-09-09,Belo Horizonte,38.5,14.4,1.6,74,8.2
702,2023-08-08,Rio de Janeiro,33.5,13.9,90.31,59,4.7
703,2023-03-27,Curitiba,40.0,14.9,120.86,53,13.8
704,2023-12-25,Belo Horizonte,26.5,20.1,112.16,96,2.8
705,2023-03-03,Belo Horizonte,38.3,22.5,115.48,98,8.5
706,2023-09-14,São Paulo,23.4,17.3,60.23,86,6.1
707,2023-06-06,Rio de Janeiro,33.9,22.6,81.95,72,10.4
708,2023-04-12,Belo Horizonte,38.6,17.6,51.65,95,6.0
709,2023-03-14,Curitiba,30.9,19.3,81.83,48,3.8
710,2023-07-02,São Paulo,33.4,15.9,120.97,60,9.6
711,2023-11-01,São Paulo,32.6,18.2,133.17,90,4.8
712,2023-11-06,Porto Alegre,20.3,11.8,22.87,70,3.3
713,2023-11-18,Belo Horizonte,39.4,13.5,49.95,64,4.6
714,2023-02-02,Curitiba,32.6,17.9,114.25,54,12.7
715,2023-05-02,Rio de Janeiro,20.6,10.1,72.41,52,0.8
716,2023-10-30,São Paulo,38.3,17.2,146.36,41,8.0
717,2023-06-13,São Paulo,26.6,23.9,36.74,63,6.8
718,2023-06-29,Rio de Janeiro,35.7,18.4,129.07,49,4.6
719,2023-07-01,São Paulo,26.8,21.5,62.51,60,2.2
720,2023-08-07,Porto Alegre,20.1,11.7,100.35,44,13.3
721,2023-11-14,Porto Alegre,34.6,19.2,55.93,45,1.0
722,2023-11-10,São Paulo,34.8,22.4,94.1,49,10.8
723,2023-08-02,São Paulo,34.8,19.7,122.4,83,14.6
724,2023-06-01,Rio de Janeiro,36.5,19.6,109.89,49,0.6
725,2023-08-07,São Paulo,35.2,10.5,80.64,43,5.5
726,2023-09-26,Rio de Janeiro,34.0,13.9,126.27,99,14.5
727,2023-02-02,Porto Alegre,26.1,24.1,108.94,87,2.8
728,2023-01-23,Curitiba,39.7,13.3,79.59,81,11.4
729,2023-05-18,Porto Alegre,27.2,14.3,66.44,87,2.2
730,2023-06-05,Porto Alegre,29.4,23.7,73.47,44,13.3
731,2023-07-20,Porto Alegre,37.8,19.0,72.59,72,2.7
732,2023-06-27,Rio de Janeiro,22.2,13.7,127.59,69,0.8
733,2023-06-10,Curitiba,27.9,12.6,65.14,45,4.6
734,2023-07-30,Rio de Janeiro,23.4,23.2,31.49,47,4.6
735,2023-04-06,Porto Alegre,34.7,15.4,115.66,53,13.6
736,2023-02-16,Belo Horizonte,31.9,21.9,95.93,87,12.1
737,2023-05-23,Curitiba,22.9,19.2,0.28,82,13.1
738,2023-03-08,Rio de Janeiro,28.5,12.7,31.82,56,14.2
739,2023-04-24,Porto Alegre,32.5,12.5,120.26,73,7.4
740,2023-10-30,São Paulo,24.9,23.7,58.12,73,11.0
741,2023-07-09,Curitiba,27.0,22.4,141.19,97,14.2
742,2023-10-18,Curitiba,39.6,13.2,144.93,79,9.3
743,2023-04-17,São Paulo,37.6,14.2,46.09,81,4.6
744,2023-12-17,Rio de Janeiro,22.9,17.4,148.39,40,0.5
745,2023-03-09,Porto Alegre,24.2,11.8,101.99,74,1.6
746,2023-02-21,Porto Alegre,31.2,17.4,70.89,60,2.0
747,2023-09-30,Porto Alegre,32.5,11.9,100.3,63,5.4
748,2023-03-27,Belo Horizonte,30.8,18.1,124.02,84,7.8
749,2023-04-04,São Paulo,24.8,12.9,33.21,42,12.3
750,2023-08-14,Porto Alegre,38.3,23.0,108.42,64,8.3
751,2023-06-20,São Paulo,25.1,17.9,30.09,43,7.2
752,2023-02-16,São Paulo,20.9,14.9,36.39,59,1.1
753,2023-06-03,Rio de Janeiro,31.8,12.8,108.24,72,5.8
754,2023-12-23,Rio de Janeiro,25.3,21.4,106.45,69,8.7
755,2023-01-20,Rio de Janeiro,24.4,24.4,125.02,97,2.2
756,2023-07-31,Porto Alegre,33.3,20.4,130.93,43,2.7
757,2023-09-16,Porto Alegre,23.9,23.3,52.52,86,6.2
758,2023-05-20,Rio de Janeiro,39.8,15.8,48.76,100,8.0
759,2023-11-04,Porto Alegre,28.9,10.9,4.38,69,8.3
760,2023-11-19,Belo Horizonte,24.1,17.6,8.19,46,1.6
761,2023-10-13,Belo Horizonte,25.6,22.0,60.08,56,12.7
762,2023-01-23,Rio de Janeiro,27.3,10.8,49.1,42,9.4
763,2023-03-28,Porto Alegre,24.9,11.8,123.06,48,4.4
764,2023-08-31,Belo Horizonte,27.4,23.4,40.49,85,8.7
765,2023-06-20,Curitiba,34.3,12.9,40.28,78,1.1
766,2023-01-12,Rio de Janeiro,29.4,23.3,50.67,81,11.8
767,2023-10-01,São Paulo,25.1,23.7,132.78,90,1.4
768,2023-07-22,Belo Horizonte,28.1,19.4,135.8,44,2.3
769,2023-03-03,Rio de Janeiro,34.7,23.5,77.52,92,1.8
770,2023-08-20,Rio de Janeiro,36.4,15.2,106.74,78,8.3
771,2023-02-28,Belo Horizonte,21.6,17.0,134.69,99,13.4
772,2023-03-15,Porto Alegre,21.9,10.7,16.05,41,6.1
773,2023-04-10,São Paulo,21.2,15.8,18.07,76,1.7
774,2023-05-02,São Paulo,24.2,21.8,16.67,60,1.7
775,2023-12-14,Belo Horizonte,38.8,12.2,88.88,72,6.1
776,2023-06-21,Belo Horizonte,26.1,16.8,4.63,64,6.5
777,2023-04-29,Porto Alegre,38.4,22.8,22.04,77,14.0
778,2023-12-29,Curitiba,36.7,11.2,119.98,76,6.3
779,2023-05-14,Rio de Janeiro,24.6,21.3,147.21,76,8.6
780,2023-12-29,São Paulo,24.1,13.7,7.07,79,8.8
781,2023-10-10,São Paulo,37.6,16.8,124.24,49,2.5
782,2023-03-21,Curitiba,34.0,20.5,99.14,79,7.4
783,2023-11-28,Porto Alegre,27.7,12.2,109.61,87,13.6
784,2023-09-15,Belo Horizonte,24.7,13.7,69.48,63,11.5
785,2023-12-01,Rio de Janeiro,35.7,11.5,33.42,85,13.0
786,2023-06-16,Rio de Janeiro,39.9,14.9,116.88,72,2.6
787,2023-12-27,Porto Alegre,21.5,14.0,107.21,52,4.4
788,2023-11-24,Rio de Janeiro,29.8,17.9,90.5,65,9.1
789,2023-01-04,Curitiba,28.9,13.6,31.13,40,3.3
790,2023-06-12,São Paulo,31.5,13.3,93.34,97,1.3
791,2023-11-17,Porto Alegre,25.8,12.2,107.83,80,1.0
792,2023-06-11,Rio de Janeiro,32.0,13.4,145.54,76,7.6
793,2023-08-18,Porto Alegre,21.4,20.9,109.57,78,13.8
794,2023-06-25,Porto Alegre,24.7,23.5,149.24,64,12.3
795,2023-12-17,Curitiba,26.7,21.5,77.04,70,1.9
796,2023-09-17,Curitiba,32.5,17.6,136.51,46,11.1
797,2023-01-12,Belo Horizonte,30.7,12.4,94.67,98,10.2
798,2023-08-01,Curitiba,33.4,18.7,137.01,42,2.5
799,2023-08-11,Rio de Janeiro,37.2,21.2,16.83,56,8.6
800,2023-04-03,Belo Horizonte,21.5,19.1,64.3,57,7.1
801,2023-11-25,Curitiba,30.7,20.2,136.85,45,5.7
802,2023-04-29,Rio de Janeiro,32.7,17.8,108.85,59,1.6
803,2023-12-25,Rio de Janeiro,35.0,11.6,88.52,61,13.2
804,2023-02-25,Belo Horizonte,37.2,24.4,20.35,58,10.0
805,2023-06-19,Rio de Janeiro,31.4,17.4,110.76,53,12.2
806,2023-05-25,Rio de Janeiro,21.4,10.9,102.73,75,11.0
807,2023-03-25,Rio de Janeiro,27.8,13.5,33.99,45,10.5
808,2023-05-06,Porto Alegre,33.0,10.6,74.31,91,4.7
809,2023-06-08,São Paulo,22.4,16.1,28.79,83,12.9
810,2023-09-27,Porto Alegre,38.6,13.1,129.71,95,14.4
811,2023-06-04,Curitiba,38.6,17.8,13.08,79,7.5
812,2023-10-10,São Paulo,33.6,20.0,102.91,79,3.5
813,2023-12-18,Curitiba,28.8,21.8,98.49,68,9.4
814,2023-12-15,Belo Horizonte,20.6,13.5,20.28,51,1.9
815,2023-08-19,Belo Horizonte,34.5,15.3,56.42,43,6.7
816,2023-06-08,Porto Alegre,30.8,11.3,96.16,43,6.1
817,2023-05-17,São Paulo,25.0,15.5,41.14,47,10.1
818,2023-01-12,Porto Alegre,31.7,15.1,97.95,81,0.9
819,2023-02-02,Porto Alegre,35.3,15.5,6.71,84,5.7
820,2023-09-16,Belo Horizonte,33.4,18.0,89.09,66,9.0
821,2023-10-29,São Paulo,28.1,23.7,18.64,83,11.6
822,2023-11-25,São Paulo,24.4,14.5,80.5,49,12.2
823,2023-04-07,Curitiba,22.7,17.7,120.64,59,3.2
824,2023-02-25,Rio de Janeiro,35.0,21.9,37.72,55,7.9
825,2023-05-01,Porto Alegre,26.1,12.4,97.53,84,7.2
826,2023-05-28,Porto Alegre,34.7,10.5,10.25,47,10.1
827,2023-09-17,Porto Alegre,36.6,17.7,134.74,49,4.5
828,2023-08-31,Rio de Janeiro,34.8,11.5,8.38,43,11.0
829,2023-10-26,Porto Alegre,25.5,13.6,109.91,44,1.1
830,2023-05-15,Rio de Janeiro,38.4,22.3,41.94,57,13.9
831,2023-04-06,São Paulo,32.3,23.7,34.19,77,2.9
832,2023-11-13,Rio de Janeiro,36.3,21.9,120.33,92,1.6
833,2023-04-06,Rio de Janeiro,26.9,23.3,35.92,88,10.3
834,2023-07-17,Curitiba,23.2,19.8,44.68,100,10.8
835,2023-05-21,Porto Alegre,30.5,11.0,145.02,70,2.2
836,2023-09-21,Porto Alegre,21.4,17.1,137.57,80,11.1
837,2023-10-25,São Paulo,20.6,14.7,33.41,67,10.8
838,2023-01-31,Curitiba,21.5,19.1,118.51,59,6.1
839,2023-03-23,Porto Alegre,21.0,12.4,0.45,45,1.1
840,2023-12-05,São Paulo,27.1,13.1,45.05,89,4.6
841,2023-08-06,Curitiba,38.4,18.8,93.58,52,8.1
842,2023-10-26,Porto Alegre,37.2,21.5,142.32,59,13.6
843,2023-02-19,Belo Horizonte,27.8,14.1,120.04,71,10.7
844,2023-03-21,Porto Alegre,26.4,12.7,22.91,41,11.5
845,2023-05-16,Curitiba,33.3,18.7,85.97,52,6.6
846,2023-07-30,Curitiba,24.3,17.5,34.74,50,8.7
847,2023-04-12,Belo Horizonte,22.6,11.4,149.65,86,6.1
848,2023-07-05,São Paulo,27.8,19.1,94.09,74,2.0
849,2023-02-18,Belo Horizonte,27.8,18.8,120.58,72,1.1
850,2023-05-11,Rio de Janeiro,21.8,13.7,92.72,77,13.6
851,2023-06-23,Belo Horizonte,26.5,24.5,51.52,91,7.4
852,2023-06-29,Curitiba,34.4,19.4,117.4,72,10.7
853,2023-04-12,Porto Alegre,39.8,15.7,141.9,100,14.4
854,2023-06-16,Belo Horizonte,33.3,19.0,119.01,42,14.0
855,2023-06-17,Porto Alegre,26.0,18.1,86.34,59,7.6
856,2023-10-27,Porto Alegre,29.7,15.4,83.86,67,9.6
857,2023-04-25,Porto Alegre,21.6,14.4,29.69,99,1.3
858,2023-04-01,São Paulo,23.6,18.4,111.64,100,7.9
859,2023-01-27,Porto Alegre,31.6,12.6,71.4,43,7.7
860,2023-07-23,São Paulo,24.4,19.5,78.73,96,10.0
861,2023-05-01,Belo Horizonte,38.0,17.5,80.51,44,11.2
862,2023-12-18,Porto Alegre,35.9,10.6,1.83,53,5.1
863,2023-07-12,Rio de Janeiro,32.7,23.8,27.68,53,11.8
864,2023-01-03,Curitiba,23.4,16.4,93.3,66,7.4
865,2023-03-06,Porto Alegre,20.2,22.8,62.28,84,6.8
866,2023-03-27,Belo Horizonte,29.3,17.6,144.0,85,8.2
867,2023-08-07,Belo Horizonte,37.9,16.7,34.5,72,11.7
868,2023-10-18,Porto Alegre,20.6,14.9,39.03,98,9.3
869,2023-12-03,Rio de Janeiro,33.9,24.1,135.6,100,6.2
870,2023-10-11,São Paulo,28.9,18.9,30.79,75,11.0
871,2023-08-06,Rio de Janeiro,37.9,24.3,97.17,84,1.6
872,2023-05-07,Curitiba,35.3,15.2,106.99,78,3.3
873,2023-11-06,Belo Horizonte,38.0,12.1,102.69,88,14.6
874,2023-10-29,São Paulo,38.4,20.9,9.47,43,6.0
875,2023-07-06,Porto Alegre,36.3,12.7,90.94,54,14.7
876,2023-02-06,Curitiba,31.0,22.3,34.15,100,6.6
877,2023-07-02,Curitiba,34.6,21.2,136.77,96,6.3
878,2023-10-13,Curitiba,25.0,15.8,129.85,63,5.9
879,2023-03-13,São Paulo,32.7,10.2,136.58,56,13.2
880,2023-04-13,Rio de Janeiro,22.2,12.2,12.77,78,11.1
881,2023-11-01,Porto Alegre,31.3,16.4,111.89,40,5.1
882,2023-08-14,São Paulo,30.1,10.7,135.97,58,2.1
883,2023-02-03,São Paulo,23.9,14.2,62.37,51,8.5
884,2023-09-22,Curitiba,25.1,24.4,60.22,46,10.2
885,2023-02-24,Curitiba,23.2,15.6,47.19,78,3.0
886,2023-05-28,Curitiba,34.3,22.8,30.8,69,12.7
887,2023-08-22,Curitiba,39.4,15.6,23.19,96,15.0
888,2023-07-08,Belo Horizonte,33.6,21.8,53.16,99,12.7
889,2023-06-16,Curitiba,36.9,22.0,2.8,97,12.5
890,2023-12-19,Porto Alegre,30.9,24.9,72.77,88,8.1
891,2023-06-09,Belo Horizonte,24.2,17.2,125.34,48,14.6
892,2023-08-22,Curitiba,30.1,13.8,139.97,52,6.3
893,2023-08-09,São Paulo,28.0,23.2,140.7,57,1.1
894,2023-08-29,São Paulo,23.2,21.2,27.83,93,6.2
895,2023-11-14,Porto Alegre,38.9,10.3,46.44,43,5.4
896,2023-08-03,São Paulo,28.3,21.6,132.39,59,5.1
897,2023-10-05,Porto Alegre,36.1,19.3,122.26,50,5.4
898,2023-11-19,Belo Horizonte,29.0,24.4,94.45,70,7.0
899,2023-10-11,Curitiba,33.9,10.3,51.33,98,4.4
900,2023-05-20,Belo Horizonte,29.6,23.4,38.86,84,9.9
901,2023-03-29,Porto Alegre,37.5,14.1,83.02,88,11.9
902,2023-10-09,Belo Horizonte,28.2,19.3,92.72,84,3.4
903,2023-03-09,São Paulo,37.1,10.5,27.27,99,12.6
904,2023-11-01,Belo Horizonte,38.2,15.9,110.77,48,0.6
905,2023-09-22,Curitiba,31.3,21.2,126.53,59,7.1
906,2023-02-28,Porto Alegre,33.6,19.4,143.59,68,0.6
907,2023-08-16,São Paulo,31.1,19.0,79.77,73,3.4
908,2023-05-11,Belo Horizonte,26.4,18.2,59.3,69,0.7
909,2023-08-30,Porto Alegre,26.7,22.2,18.72,74,8.7
910,2023-01-30,Porto Alegre,25.0,22.5,119.09,78,0.8
911,2023-09-14,Curitiba,31.9,12.2,21.81,89,10.1
912,2023-09-16,São Paulo,27.7,24.7,17.21,40,7.0
913,2023-09-24,Curitiba,37.2,11.5,37.15,99,0.6
914,2023-02-23,Belo Horizonte,26.0,23.6,23.36,54,6.5
915,2023-01-24,Curitiba,27.8,21.8,140.07,77,10.7
916,2023-10-13,Curitiba,21.5,19.2,125.54,89,13.7
917,2023-02-01,Belo Horizonte,39.5,20.3,77.4,54,5.4
918,2023-11-29,Porto Alegre,23.3,13.4,130.67,72,12.9
919,2023-06-24,Curitiba,36.9,18.1,11.5,93,11.7
920,2023-08-04,Porto Alegre,33.3,11.7,99.08,65,11.7
921,2023-12-13,São Paulo,20.4,12.0,139.3,42,10.0
922,2023-11-04,Belo Horizonte,23.0,22.0,48.21,98,8.1
923,2023-06-21,São Paulo,29.4,23.6,66.15,82,10.2
924,2023-12-06,Porto Alegre,26.4,11.8,14.51,44,5.1
925,2023-08-04,Porto Alegre,25.5,15.0,12.78,41,3.8
926,2023-03-11,Belo Horizonte,27.1,23.3,21.6,83,10.6
927,2023-10-11,Porto Alegre,23.0,14.8,47.17,65,12.6
928,2023-02-16,Curitiba,23.0,11.6,86.95,91,13.6
929,2023-05-03,Curitiba,25.0,16.1,133.1,64,0.8
930,2023-09-04,Belo Horizonte,26.2,13.5,62.05,47,5.5
931,2023-04-20,Rio de Janeiro,24.1,19.8,135.21,92,9.3
932,2023-04-09,Porto Alegre,38.3,13.4,141.93,54,10.2
933,2023-02-12,Curitiba,39.5,19.7,48.69,77,14.7
934,2023-05-17,Curitiba,38.5,16.0,115.2,62,2.8
935,2023-12-28,São Paulo,33.7,19.3,45.69,94,4.6
936,2023-11-18,Rio de Janeiro,25.6,15.5,57.25,48,7.3
937,2023-11-16,Belo Horizonte,26.8,24.8,20.46,69,14.2
938,2023-03-24,São Paulo,39.4,11.1,6.34,58,6.8
939,2023-02-01,Belo Horizonte,39.0,24.9,112.4,42,2.4
940,2023-12-07,Rio de Janeiro,34.6,20.4,131.23,96,3.6
941,2023-12-02,Porto Alegre,38.0,12.3,60.58,92,1.2
942,2023-04-30,Curitiba,29.4,24.4,139.08,56,3.5
943,2023-10-04,São Paulo,32.8,17.9,43.94,53,4.6
944,2023-10-31,Curitiba,37.8,24.9,71.04,43,6.1
945,2023-06-10,Porto Alegre,25.2,24.3,103.62,64,3.7
946,2023-01-21,Curitiba,36.3,14.0,17.25,56,3.3
947,2023-04-13,Porto Alegre,27.3,16.2,94.71,48,5.4
948,2023-01-25,Rio de Janeiro,22.7,10.3,8.69,83,12.0
949,2023-05-10,Rio de Janeiro,37.1,13.7,2.63,50,11.9
950,2023-10-25,Belo Horizonte,34.1,18.0,86.93,56,7.7
951,2023-05-02,Curitiba,39.8,10.7,16.54,47,13.9
952,2023-05-15,Rio de Janeiro,38.3,10.6,110.36,83,10.7
953,2023-12-03,Belo Horizonte,34.1,11.1,27.76,69,9.7
954,2023-07-23,Porto Alegre,36.5,10.3,142.12,98,3.3
955,2023-04-06,Curitiba,36.9,18.1,34.48,92,8.5
956,2023-10-21,Belo Horizonte,27.2,12.9,35.75,91,8.3
957,2023-10-03,São Paulo,36.5,13.7,70.5,83,9.9
958,2023-08-15,Porto Alegre,32.5,18.6,52.53,84,12.9
959,2023-02-11,Rio de Janeiro,39.4,14.5,126.04,57,11.2
960,2023-10-01,Belo Horizonte,35.7,14.1,23.87,88,5.2
961,2023-09-27,Porto Alegre,36.6,17.1,34.82,48,3.0
962,2023-12-30,Belo Horizonte,32.4,19.0,27.56,55,12.4
963,2023-02-06,Belo Horizonte,30.4,18.3,141.73,46,13.3
964,2023-05-15,Curitiba,29.7,23.5,37.49,50,9.1
965,2023-12-12,Porto Alegre,31.9,18.3,108.05,69,14.4
966,2023-08-21,São Paulo,31.5,19.4,31.08,66,14.1
967,2023-02-17,Porto Alegre,27.6,16.4,81.16,95,13.1
968,2023-03-08,Belo Horizonte,35.6,24.8,9.09,72,2.5
969,2023-06-04,Curitiba,29.5,10.4,49.77,73,13.9
970,2023-01-04,Rio de Janeiro,30.1,21.4,44.43,84,2.2
971,2023-06-22,Porto Alegre,27.7,16.6,76.32,77,3.8
972,2023-06-09,Rio de Janeiro,21.6,19.9,47.64,40,2.6
973,2023-07-27,Rio de Janeiro,25.8,23.9,135.67,94,2.3
974,2023-08-19,Curitiba,38.1,18.8,5.64,84,0.7
975,2023-02-17,Belo Horizonte,32.3,16.8,83.14,48,7.7
976,2023-08-14,Curitiba,32.0,20.9,64.92,44,7.9
977,2023-10-19,Rio de Janeiro,26.1,21.6,17.19,92,12.3
978,2023-06-23,Curitiba,38.0,13.0,144.15,58,1.6
979,2023-02-11,Curitiba,26.4,16.9,39.87,74,11.7
980,2023-09-14,Curitiba,35.5,10.6,123.31,84,9.1
981,2023-02-09,Curitiba,33.3,23.9,133.28,52,10.4
982,2023-01-12,São Paulo,27.6,20.1,131.91,62,14.3
983,2023-11-14,Belo Horizonte,22.5,20.3,28.17,62,9.0
984,2023-10-13,Curitiba,23.2,15.5,44.1,54,4.8
985,2023-05-17,Porto Alegre,37.9,19.2,12.01,66,9.8
986,2023-08-13,Porto Alegre,32.1,15.4,131.94,90,5.5
987,2023-10-26,Curitiba,26.3,24.2,139.31,73,4.0
988,2023-12-02,Belo Horizonte,39.2,17.2,59.95,47,13.7
989,2023-03-28,Belo Horizonte,27.7,16.3,44.81,95,11.4
990,2023-03-17,São Paulo,26.2,21.2,147.92,61,13.6
991,2023-07-10,São Paulo,23.4,11.1,106.23,90,13.7
992,2023-03-02,Rio de Janeiro,34.7,19.9,121.72,40,13.9
993,2023-10-16,Porto Alegre,31.0,22.1,43.12,74,0.7
994,2023-12-13,Porto Alegre,39.5,10.9,105.67,66,7.8
995,2023-04-22,Belo Horizonte,26.3,24.9,145.16,97,4.5
996,2023-02-26,Porto Alegre,39.0,18.8,50.67,93,12.6
997,2023-04-03,Porto Alegre,29.5,13.0,60.38,71,2.5
998,2023-11-21,Curitiba,26.1,22.4,144.7,69,6.2
999,2023-07-05,São Paulo,33.3,19.4,51.93,47,6.1
1000,2023-03-01,Porto Alegre,27.2,17.8,47.72,57,14.1